VILLAGE_ID,縣市,鄉鎮,村里,當選,姓名,票數,政黨,得票數,COUNTY_ID,Villige_NAME
6300100-002,臺北市,松山區,莊敬里,1,蔣萬安,584,中國國民黨,1579,63,松山區莊敬里
6300100-003,臺北市,松山區,東榮里,1,蔣萬安,408,中國國民黨,2130,63,松山區東榮里
6300100-004,臺北市,松山區,三民里,1,蔣萬安,433,中國國民黨,1982,63,松山區三民里
6300100-005,臺北市,松山區,新益里,1,蔣萬安,401,中國國民黨,1292,63,松山區新益里
6300100-006,臺北市,松山區,富錦里,1,蔣萬安,386,中國國民黨,1484,63,松山區富錦里
6300100-007,臺北市,松山區,新東里,1,蔣萬安,471,中國國民黨,1362,63,松山區新東里
6300100-008,臺北市,松山區,富泰里,1,蔣萬安,516,中國國民黨,1426,63,松山區富泰里
6300100-009,臺北市,松山區,介壽里,1,蔣萬安,374,中國國民黨,1116,63,松山區介壽里
6300100-010,臺北市,松山區,精忠里,1,蔣萬安,400,中國國民黨,1241,63,松山區精忠里
6300100-011,臺北市,松山區,東光里,1,蔣萬安,384,中國國民黨,2117,63,松山區東光里
6300100-012,臺北市,松山區,龍田里,1,蔣萬安,658,中國國民黨,3381,63,松山區龍田里
6300100-013,臺北市,松山區,東昌里,1,蔣萬安,381,中國國民黨,686,63,松山區東昌里
6300100-014,臺北市,松山區,東勢里,1,蔣萬安,346,中國國民黨,1102,63,松山區東勢里
6300100-015,臺北市,松山區,中華里,1,蔣萬安,557,中國國民黨,1758,63,松山區中華里
6300100-016,臺北市,松山區,民有里,1,蔣萬安,402,中國國民黨,2312,63,松山區民有里
6300100-017,臺北市,松山區,民福里,1,蔣萬安,545,中國國民黨,2117,63,松山區民福里
6300100-018,臺北市,松山區,慈祐里,1,費鴻泰,316,中國國民黨,1362,63,松山區慈祐里
6300100-019,臺北市,松山區,安平里,1,蔣萬安,384,中國國民黨,2070,63,松山區安平里
6300100-020,臺北市,松山區,鵬程里,1,蔣萬安,568,中國國民黨,1802,63,松山區鵬程里
6300100-021,臺北市,松山區,自強里,1,蔣萬安,882,中國國民黨,3994,63,松山區自強里
6300100-022,臺北市,松山區,吉祥里,1,費鴻泰,415,中國國民黨,2113,63,松山區吉祥里
6300100-024,臺北市,松山區,新聚里,1,費鴻泰,462,中國國民黨,1880,63,松山區新聚里
6300100-025,臺北市,松山區,復盛里,1,費鴻泰,575,中國國民黨,1782,63,松山區復盛里
6300100-026,臺北市,松山區,中正里,1,費鴻泰,395,中國國民黨,1954,63,松山區中正里
6300100-027,臺北市,松山區,中崙里,1,費鴻泰,571,中國國民黨,1010,63,松山區中崙里
6300100-028,臺北市,松山區,美仁里,1,費鴻泰,383,中國國民黨,827,63,松山區美仁里
6300100-029,臺北市,松山區,吉仁里,1,費鴻泰,535,中國國民黨,965,63,松山區吉仁里
6300100-030,臺北市,松山區,敦化里,1,費鴻泰,442,中國國民黨,1657,63,松山區敦化里
6300100-031,臺北市,松山區,復源里,1,費鴻泰,459,中國國民黨,859,63,松山區復源里
6300100-032,臺北市,松山區,復建里,1,費鴻泰,401,中國國民黨,1171,63,松山區復建里
6300100-033,臺北市,松山區,復勢里,1,費鴻泰,340,中國國民黨,1389,63,松山區復勢里
6300100-034,臺北市,松山區,福成里,1,費鴻泰,322,中國國民黨,580,63,松山區福成里
6300100-035,臺北市,松山區,松基里,1,蔣萬安,503,中國國民黨,917,63,松山區松基里
6300200-001,臺北市,信義區,西村里,1,費鴻泰,601,中國國民黨,1682,63,信義區西村里
6300200-002,臺北市,信義區,正和里,1,費鴻泰,448,中國國民黨,1414,63,信義區正和里
6300200-003,臺北市,信義區,興隆里,1,費鴻泰,327,中國國民黨,715,63,信義區興隆里
6300200-004,臺北市,信義區,中興里,1,費鴻泰,419,中國國民黨,846,63,信義區中興里
6300200-005,臺北市,信義區,新仁里,1,費鴻泰,538,中國國民黨,969,63,信義區新仁里
6300200-006,臺北市,信義區,興雅里,1,費鴻泰,358,中國國民黨,1467,63,信義區興雅里
6300200-007,臺北市,信義區,敦厚里,1,費鴻泰,474,中國國民黨,1335,63,信義區敦厚里
6300200-008,臺北市,信義區,廣居里,1,費鴻泰,357,中國國民黨,2055,63,信義區廣居里
6300200-009,臺北市,信義區,安康里,1,費鴻泰,320,中國國民黨,2438,63,信義區安康里
6300200-010,臺北市,信義區,六藝里,1,費鴻泰,458,中國國民黨,888,63,信義區六藝里
6300200-011,臺北市,信義區,雅祥里,1,費鴻泰,299,中國國民黨,1097,63,信義區雅祥里
6300200-012,臺北市,信義區,五常里,1,費鴻泰,441,中國國民黨,933,63,信義區五常里
6300200-013,臺北市,信義區,五全里,1,費鴻泰,425,中國國民黨,1197,63,信義區五全里
6300200-014,臺北市,信義區,永吉里,1,費鴻泰,221,中國國民黨,751,63,信義區永吉里
6300200-015,臺北市,信義區,長春里,1,費鴻泰,289,中國國民黨,984,63,信義區長春里
6300200-016,臺北市,信義區,四育里,1,費鴻泰,281,中國國民黨,1311,63,信義區四育里
6300200-017,臺北市,信義區,四維里,1,費鴻泰,334,中國國民黨,1402,63,信義區四維里
6300200-018,臺北市,信義區,永春里,1,費鴻泰,296,中國國民黨,1121,63,信義區永春里
6300200-019,臺北市,信義區,富臺里,1,費鴻泰,508,中國國民黨,1336,63,信義區富臺里
6300200-020,臺北市,信義區,國業里,1,費鴻泰,353,中國國民黨,1838,63,信義區國業里
6300200-021,臺北市,信義區,松隆里,1,費鴻泰,281,中國國民黨,558,63,信義區松隆里
6300200-022,臺北市,信義區,松友里,1,費鴻泰,438,中國國民黨,1724,63,信義區松友里
6300200-023,臺北市,信義區,松光里,1,費鴻泰,395,中國國民黨,1184,63,信義區松光里
6300200-024,臺北市,信義區,中坡里,1,費鴻泰,275,中國國民黨,1143,63,信義區中坡里
6300200-025,臺北市,信義區,中行里,1,費鴻泰,358,中國國民黨,1843,63,信義區中行里
6300200-026,臺北市,信義區,大道里,1,費鴻泰,388,中國國民黨,1527,63,信義區大道里
6300200-027,臺北市,信義區,大仁里,1,費鴻泰,364,中國國民黨,1063,63,信義區大仁里
6300200-028,臺北市,信義區,景新里,1,費鴻泰,514,中國國民黨,1414,63,信義區景新里
6300200-029,臺北市,信義區,惠安里,1,費鴻泰,494,中國國民黨,2000,63,信義區惠安里
6300200-030,臺北市,信義區,三張里,1,費鴻泰,354,中國國民黨,2568,63,信義區三張里
6300200-031,臺北市,信義區,三犁里,1,費鴻泰,543,中國國民黨,1472,63,信義區三犁里
6300200-032,臺北市,信義區,六合里,1,費鴻泰,417,中國國民黨,2057,63,信義區六合里
6300200-033,臺北市,信義區,泰和里,1,費鴻泰,440,中國國民黨,2062,63,信義區泰和里
6300200-034,臺北市,信義區,景聯里,1,費鴻泰,377,中國國民黨,1286,63,信義區景聯里
6300200-035,臺北市,信義區,景勤里,1,費鴻泰,476,中國國民黨,1157,63,信義區景勤里
6300200-036,臺北市,信義區,雙和里,1,費鴻泰,532,中國國民黨,2106,63,信義區雙和里
6300200-037,臺北市,信義區,嘉興里,1,費鴻泰,408,中國國民黨,771,63,信義區嘉興里
6300200-038,臺北市,信義區,黎順里,1,費鴻泰,311,中國國民黨,1109,63,信義區黎順里
6300200-039,臺北市,信義區,黎平里,1,費鴻泰,454,中國國民黨,1904,63,信義區黎平里
6300200-040,臺北市,信義區,黎忠里,1,費鴻泰,463,中國國民黨,1365,63,信義區黎忠里
6300200-041,臺北市,信義區,黎安里,1,費鴻泰,412,中國國民黨,814,63,信義區黎安里
6300300-001,臺北市,大安區,德安里,1,蔣乃辛,337,中國國民黨,1388,63,大安區德安里
6300300-002,臺北市,大安區,仁慈里,1,蔣乃辛,331,中國國民黨,1177,63,大安區仁慈里
6300300-003,臺北市,大安區,和安里,1,蔣乃辛,424,中國國民黨,1766,63,大安區和安里
6300300-004,臺北市,大安區,民炤里,1,蔣乃辛,317,中國國民黨,1805,63,大安區民炤里
6300300-005,臺北市,大安區,仁愛里,1,蔣乃辛,325,中國國民黨,1238,63,大安區仁愛里
6300300-006,臺北市,大安區,義村里,1,蔣乃辛,605,中國國民黨,1851,63,大安區義村里
6300300-007,臺北市,大安區,民輝里,1,蔣乃辛,334,中國國民黨,1572,63,大安區民輝里
6300300-008,臺北市,大安區,昌隆里,1,蔣乃辛,398,中國國民黨,765,63,大安區昌隆里
6300300-009,臺北市,大安區,誠安里,1,蔣乃辛,337,中國國民黨,1040,63,大安區誠安里
6300300-010,臺北市,大安區,光武里,1,蔣乃辛,332,中國國民黨,1790,63,大安區光武里
6300300-011,臺北市,大安區,龍坡里,1,蔣乃辛,383,中國國民黨,1409,63,大安區龍坡里
6300300-012,臺北市,大安區,龍泉里,1,蔣乃辛,355,中國國民黨,1014,63,大安區龍泉里
6300300-013,臺北市,大安區,古風里,1,蔣乃辛,302,中國國民黨,1026,63,大安區古風里
6300300-014,臺北市,大安區,古莊里,1,蔣乃辛,459,中國國民黨,1647,63,大安區古莊里
6300300-015,臺北市,大安區,龍安里,1,蔣乃辛,382,中國國民黨,1519,63,大安區龍安里
6300300-016,臺北市,大安區,錦安里,1,蔣乃辛,339,中國國民黨,1440,63,大安區錦安里
6300300-017,臺北市,大安區,福住里,1,蔣乃辛,393,中國國民黨,1499,63,大安區福住里
6300300-018,臺北市,大安區,永康里,1,蔣乃辛,445,中國國民黨,926,63,大安區永康里
6300300-019,臺北市,大安區,光明里,1,蔣乃辛,387,中國國民黨,794,63,大安區光明里
6300300-020,臺北市,大安區,錦泰里,1,蔣乃辛,472,中國國民黨,900,63,大安區錦泰里
6300300-021,臺北市,大安區,錦華里,1,蔣乃辛,457,中國國民黨,1436,63,大安區錦華里
6300300-022,臺北市,大安區,龍圖里,1,蔣乃辛,483,中國國民黨,1717,63,大安區龍圖里
6300300-023,臺北市,大安區,新龍里,1,蔣乃辛,510,中國國民黨,1978,63,大安區新龍里
6300300-026,臺北市,大安區,龍陣里,1,蔣乃辛,453,中國國民黨,919,63,大安區龍陣里
6300300-027,臺北市,大安區,龍雲里,1,蔣乃辛,396,中國國民黨,1209,63,大安區龍雲里
6300300-028,臺北市,大安區,龍生里,1,蔣乃辛,385,中國國民黨,1663,63,大安區龍生里
6300300-029,臺北市,大安區,住安里,1,蔣乃辛,432,中國國民黨,1309,63,大安區住安里
6300300-030,臺北市,大安區,義安里,1,蔣乃辛,306,中國國民黨,1424,63,大安區義安里
6300300-031,臺北市,大安區,通化里,1,蔣乃辛,365,中國國民黨,1426,63,大安區通化里
6300300-032,臺北市,大安區,通安里,1,蔣乃辛,331,中國國民黨,1409,63,大安區通安里
6300300-033,臺北市,大安區,臨江里,1,蔣乃辛,409,中國國民黨,1174,63,大安區臨江里
6300300-034,臺北市,大安區,法治里,1,蔣乃辛,429,中國國民黨,1263,63,大安區法治里
6300300-035,臺北市,大安區,全安里,1,蔣乃辛,365,中國國民黨,1139,63,大安區全安里
6300300-036,臺北市,大安區,群賢里,1,蔣乃辛,467,中國國民黨,1702,63,大安區群賢里
6300300-037,臺北市,大安區,群英里,1,蔣乃辛,551,中國國民黨,2434,63,大安區群英里
6300300-038,臺北市,大安區,虎嘯里,1,蔣乃辛,298,中國國民黨,971,63,大安區虎嘯里
6300300-039,臺北市,大安區,臥龍里,1,蔣乃辛,564,中國國民黨,564,63,大安區臥龍里
6300300-040,臺北市,大安區,龍淵里,1,蔣乃辛,401,中國國民黨,2309,63,大安區龍淵里
6300300-041,臺北市,大安區,龍門里,1,蔣乃辛,319,中國國民黨,983,63,大安區龍門里
6300300-043,臺北市,大安區,大學里,1,蔣乃辛,346,中國國民黨,1959,63,大安區大學里
6300300-044,臺北市,大安區,芳和里,1,蔣乃辛,347,中國國民黨,1551,63,大安區芳和里
6300300-046,臺北市,大安區,黎元里,1,蔣乃辛,325,中國國民黨,1372,63,大安區黎元里
6300300-047,臺北市,大安區,黎孝里,1,蔣乃辛,429,中國國民黨,2159,63,大安區黎孝里
6300300-048,臺北市,大安區,黎和里,1,蔣乃辛,489,中國國民黨,1362,63,大安區黎和里
6300300-049,臺北市,大安區,建安里,1,蔣乃辛,419,中國國民黨,1263,63,大安區建安里
6300300-050,臺北市,大安區,建倫里,1,蔣乃辛,383,中國國民黨,1507,63,大安區建倫里
6300300-051,臺北市,大安區,敦安里,1,蔣乃辛,309,中國國民黨,1368,63,大安區敦安里
6300300-052,臺北市,大安區,正聲里,1,蔣乃辛,419,中國國民黨,1203,63,大安區正聲里
6300300-053,臺北市,大安區,敦煌里,1,蔣乃辛,334,中國國民黨,1456,63,大安區敦煌里
6300300-054,臺北市,大安區,華聲里,1,蔣乃辛,407,中國國民黨,1060,63,大安區華聲里
6300300-055,臺北市,大安區,車層里,1,蔣乃辛,339,中國國民黨,1452,63,大安區車層里
6300300-056,臺北市,大安區,光信里,1,蔣乃辛,353,中國國民黨,1857,63,大安區光信里
6300300-057,臺北市,大安區,學府里,1,蔣乃辛,218,中國國民黨,851,63,大安區學府里
6300400-001,臺北市,中山區,正守里,1,蔣萬安,358,中國國民黨,778,63,中山區正守里
6300400-002,臺北市,中山區,正義里,1,蔣萬安,400,中國國民黨,1196,63,中山區正義里
6300400-003,臺北市,中山區,正得里,1,蔣萬安,440,中國國民黨,928,63,中山區正得里
6300400-004,臺北市,中山區,民安里,1,蔣萬安,302,中國國民黨,1013,63,中山區民安里
6300400-005,臺北市,中山區,康樂里,1,蔣萬安,362,中國國民黨,647,63,中山區康樂里
6300400-006,臺北市,中山區,中山里,1,蔣萬安,335,中國國民黨,1411,63,中山區中山里
6300400-007,臺北市,中山區,聚盛里,1,蔣萬安,351,中國國民黨,1014,63,中山區聚盛里
6300400-008,臺北市,中山區,集英里,1,蔣萬安,351,中國國民黨,1432,63,中山區集英里
6300400-009,臺北市,中山區,聚葉里,1,蔣萬安,434,中國國民黨,872,63,中山區聚葉里
6300400-010,臺北市,中山區,恆安里,1,蔣萬安,410,中國國民黨,1100,63,中山區恆安里
6300400-011,臺北市,中山區,晴光里,1,蔣萬安,476,中國國民黨,1254,63,中山區晴光里
6300400-012,臺北市,中山區,圓山里,1,蔣萬安,343,中國國民黨,964,63,中山區圓山里
6300400-013,臺北市,中山區,劍潭里,1,蔣萬安,763,中國國民黨,1600,63,中山區劍潭里
6300400-014,臺北市,中山區,大直里,1,蔣萬安,548,中國國民黨,2669,63,中山區大直里
6300400-015,臺北市,中山區,成功里,1,蔣萬安,396,中國國民黨,1547,63,中山區成功里
6300400-016,臺北市,中山區,永安里,1,蔣萬安,484,中國國民黨,2401,63,中山區永安里
6300400-017,臺北市,中山區,大佳里,1,蔣萬安,190,中國國民黨,190,63,中山區大佳里
6300400-018,臺北市,中山區,新喜里,1,蔣萬安,358,中國國民黨,1206,63,中山區新喜里
6300400-019,臺北市,中山區,新庄里,1,蔣萬安,431,中國國民黨,1153,63,中山區新庄里
6300400-020,臺北市,中山區,新福里,1,蔣萬安,380,中國國民黨,1032,63,中山區新福里
6300400-021,臺北市,中山區,松江里,1,蔣萬安,418,中國國民黨,1542,63,中山區松江里
6300400-022,臺北市,中山區,新生里,1,蔣萬安,356,中國國民黨,1110,63,中山區新生里
6300400-023,臺北市,中山區,中庄里,1,蔣萬安,385,中國國民黨,1163,63,中山區中庄里
6300400-024,臺北市,中山區,行政里,1,蔣萬安,486,中國國民黨,1486,63,中山區行政里
6300400-025,臺北市,中山區,行仁里,1,蔣萬安,386,中國國民黨,1836,63,中山區行仁里
6300400-026,臺北市,中山區,行孝里,1,蔣萬安,263,中國國民黨,887,63,中山區行孝里
6300400-027,臺北市,中山區,下埤里,1,蔣萬安,375,中國國民黨,1809,63,中山區下埤里
6300400-028,臺北市,中山區,江寧里,1,蔣萬安,374,中國國民黨,1764,63,中山區江寧里
6300400-029,臺北市,中山區,江山里,1,蔣萬安,438,中國國民黨,1739,63,中山區江山里
6300400-030,臺北市,中山區,中吉里,1,蔣萬安,432,中國國民黨,1164,63,中山區中吉里
6300400-031,臺北市,中山區,中原里,1,蔣萬安,366,中國國民黨,1164,63,中山區中原里
6300400-032,臺北市,中山區,興亞里,1,蔣萬安,469,中國國民黨,1286,63,中山區興亞里
6300400-033,臺北市,中山區,中央里,1,蔣萬安,417,中國國民黨,889,63,中山區中央里
6300400-034,臺北市,中山區,朱馥里,1,蔣萬安,499,中國國民黨,1492,63,中山區朱馥里
6300400-035,臺北市,中山區,龍洲里,1,蔣萬安,713,中國國民黨,2020,63,中山區龍洲里
6300400-036,臺北市,中山區,朱園里,1,蔣萬安,342,中國國民黨,978,63,中山區朱園里
6300400-037,臺北市,中山區,埤頭里,1,蔣萬安,488,中國國民黨,884,63,中山區埤頭里
6300400-038,臺北市,中山區,朱崙里,1,蔣萬安,338,中國國民黨,701,63,中山區朱崙里
6300400-039,臺北市,中山區,力行里,1,蔣萬安,354,中國國民黨,1370,63,中山區力行里
6300400-040,臺北市,中山區,復華里,1,蔣萬安,420,中國國民黨,1354,63,中山區復華里
6300400-041,臺北市,中山區,金泰里,1,蔣萬安,474,中國國民黨,1887,63,中山區金泰里
6300400-042,臺北市,中山區,北安里,1,蔣萬安,514,中國國民黨,873,63,中山區北安里
6300500-001,臺北市,中正區,水源里,1,賴士葆,398,中國國民黨,717,63,中正區水源里
6300500-002,臺北市,中正區,富水里,1,賴士葆,373,中國國民黨,776,63,中正區富水里
6300500-003,臺北市,中正區,文盛里,1,賴士葆,339,中國國民黨,700,63,中正區文盛里
6300500-004,臺北市,中正區,林興里,1,賴士葆,485,中國國民黨,1285,63,中正區林興里
6300500-005,臺北市,中正區,河堤里,1,賴士葆,434,中國國民黨,1358,63,中正區河堤里
6300500-006,臺北市,中正區,頂東里,1,賴士葆,498,中國國民黨,1708,63,中正區頂東里
6300500-007,臺北市,中正區,網溪里,1,賴士葆,425,中國國民黨,1647,63,中正區網溪里
6300500-008,臺北市,中正區,板溪里,1,賴士葆,424,中國國民黨,917,63,中正區板溪里
6300500-009,臺北市,中正區,螢圃里,1,賴士葆,325,中國國民黨,1566,63,中正區螢圃里
6300500-010,臺北市,中正區,螢雪里,1,賴士葆,378,中國國民黨,1250,63,中正區螢雪里
6300500-011,臺北市,中正區,永功里,1,林昶佐,413,時代力量,1782,63,中正區永功里
6300500-012,臺北市,中正區,永昌里,1,林昶佐,471,時代力量,1462,63,中正區永昌里
6300500-013,臺北市,中正區,龍興里,1,林昶佐,490,時代力量,1022,63,中正區龍興里
6300500-014,臺北市,中正區,忠勤里,1,林昶佐,389,時代力量,1665,63,中正區忠勤里
6300500-015,臺北市,中正區,廈安里,1,林昶佐,362,時代力量,1093,63,中正區廈安里
6300500-016,臺北市,中正區,愛國里,1,林昶佐,403,時代力量,852,63,中正區愛國里
6300500-017,臺北市,中正區,南門里,1,林昶佐,322,時代力量,608,63,中正區南門里
6300500-018,臺北市,中正區,龍光里,1,林昶佐,378,時代力量,806,63,中正區龍光里
6300500-019,臺北市,中正區,南福里,1,林昶佐,560,時代力量,2499,63,中正區南福里
6300500-020,臺北市,中正區,龍福里,1,林昶佐,525,時代力量,1518,63,中正區龍福里
6300500-021,臺北市,中正區,新營里,1,林昶佐,403,時代力量,1881,63,中正區新營里
6300500-022,臺北市,中正區,建國里,1,林昶佐,330,時代力量,330,63,中正區建國里
6300500-023,臺北市,中正區,光復里,1,林昶佐,274,時代力量,943,63,中正區光復里
6300500-024,臺北市,中正區,黎明里,1,林昶佐,310,時代力量,682,63,中正區黎明里
6300500-025,臺北市,中正區,梅花里,1,林昶佐,473,時代力量,881,63,中正區梅花里
6300500-026,臺北市,中正區,幸福里,1,林昶佐,408,時代力量,1163,63,中正區幸福里
6300500-027,臺北市,中正區,幸市里,1,林昶佐,502,時代力量,1302,63,中正區幸市里
6300500-028,臺北市,中正區,東門里,1,林昶佐,265,時代力量,893,63,中正區東門里
6300500-029,臺北市,中正區,文北里,1,林昶佐,548,時代力量,1439,63,中正區文北里
6300500-030,臺北市,中正區,文祥里,1,林昶佐,461,時代力量,1957,63,中正區文祥里
6300500-031,臺北市,中正區,三愛里,1,林昶佐,470,時代力量,2165,63,中正區三愛里
6300600-001,臺北市,大同區,玉泉里,1,姚文智,468,民主進步黨,981,63,大同區玉泉里
6300600-002,臺北市,大同區,建明里,1,姚文智,504,民主進步黨,1190,63,大同區建明里
6300600-003,臺北市,大同區,建功里,1,姚文智,462,民主進步黨,1557,63,大同區建功里
6300600-004,臺北市,大同區,建泰里,1,姚文智,457,民主進步黨,1341,63,大同區建泰里
6300600-005,臺北市,大同區,永樂里,1,姚文智,497,民主進步黨,1935,63,大同區永樂里
6300600-006,臺北市,大同區,朝陽里,1,姚文智,527,民主進步黨,1554,63,大同區朝陽里
6300600-007,臺北市,大同區,星明里,1,姚文智,481,民主進步黨,1915,63,大同區星明里
6300600-008,臺北市,大同區,光能里,1,姚文智,604,民主進步黨,1880,63,大同區光能里
6300600-009,臺北市,大同區,大有里,1,姚文智,609,民主進步黨,1847,63,大同區大有里
6300600-010,臺北市,大同區,延平里,1,姚文智,437,民主進步黨,1370,63,大同區延平里
6300600-011,臺北市,大同區,雙連里,1,姚文智,632,民主進步黨,3284,63,大同區雙連里
6300600-012,臺北市,大同區,南芳里,1,姚文智,386,民主進步黨,1323,63,大同區南芳里
6300600-013,臺北市,大同區,民權里,1,姚文智,563,民主進步黨,2116,63,大同區民權里
6300600-014,臺北市,大同區,景星里,1,姚文智,446,民主進步黨,986,63,大同區景星里
6300600-015,臺北市,大同區,隆和里,1,姚文智,557,民主進步黨,1121,63,大同區隆和里
6300600-016,臺北市,大同區,蓬萊里,1,姚文智,537,民主進步黨,1699,63,大同區蓬萊里
6300600-017,臺北市,大同區,國順里,1,姚文智,578,民主進步黨,1189,63,大同區國順里
6300600-018,臺北市,大同區,國慶里,1,姚文智,473,民主進步黨,1590,63,大同區國慶里
6300600-019,臺北市,大同區,揚雅里,1,姚文智,619,民主進步黨,1375,63,大同區揚雅里
6300600-020,臺北市,大同區,斯文里,1,姚文智,511,民主進步黨,1954,63,大同區斯文里
6300600-021,臺北市,大同區,鄰江里,1,姚文智,626,民主進步黨,2515,63,大同區鄰江里
6300600-022,臺北市,大同區,至聖里,1,姚文智,545,民主進步黨,2811,63,大同區至聖里
6300600-024,臺北市,大同區,老師里,1,姚文智,542,民主進步黨,2288,63,大同區老師里
6300600-025,臺北市,大同區,重慶里,1,姚文智,448,民主進步黨,2162,63,大同區重慶里
6300600-026,臺北市,大同區,保安里,1,姚文智,536,民主進步黨,1572,63,大同區保安里
6300700-001,臺北市,萬華區,福星里,1,林昶佐,520,時代力量,1378,63,萬華區福星里
6300700-002,臺北市,萬華區,萬壽里,1,林昶佐,446,時代力量,860,63,萬華區萬壽里
6300700-003,臺北市,萬華區,西門里,1,林昶佐,481,時代力量,968,63,萬華區西門里
6300700-004,臺北市,萬華區,新起里,1,林昶佐,510,時代力量,2013,63,萬華區新起里
6300700-005,臺北市,萬華區,菜園里,1,林昶佐,537,時代力量,2013,63,萬華區菜園里
6300700-006,臺北市,萬華區,青山里,1,林昶佐,408,時代力量,1859,63,萬華區青山里
6300700-007,臺北市,萬華區,富民里,1,林昶佐,549,時代力量,1782,63,萬華區富民里
6300700-008,臺北市,萬華區,福音里,1,林昶佐,616,時代力量,1193,63,萬華區福音里
6300700-009,臺北市,萬華區,仁德里,1,林昶佐,503,時代力量,1528,63,萬華區仁德里
6300700-010,臺北市,萬華區,富福里,1,林昶佐,550,時代力量,1690,63,萬華區富福里
6300700-011,臺北市,萬華區,頂碩里,1,林昶佐,511,時代力量,2694,63,萬華區頂碩里
6300700-012,臺北市,萬華區,雙園里,1,林昶佐,421,時代力量,1536,63,萬華區雙園里
6300700-013,臺北市,萬華區,新忠里,1,林昶佐,320,時代力量,489,63,萬華區新忠里
6300700-014,臺北市,萬華區,新和里,1,林昶佐,247,時代力量,1442,63,萬華區新和里
6300700-015,臺北市,萬華區,糖廍里,1,林昶佐,636,時代力量,1884,63,萬華區糖廍里
6300700-016,臺北市,萬華區,和平里,1,林昶佐,700,時代力量,2581,63,萬華區和平里
6300700-017,臺北市,萬華區,綠堤里,1,林昶佐,353,時代力量,1238,63,萬華區綠堤里
6300700-018,臺北市,萬華區,華江里,1,林昶佐,542,時代力量,2763,63,萬華區華江里
6300700-019,臺北市,萬華區,柳鄉里,1,林昶佐,635,時代力量,1872,63,萬華區柳鄉里
6300700-020,臺北市,萬華區,日善里,1,林昶佐,650,時代力量,1276,63,萬華區日善里
6300700-021,臺北市,萬華區,新安里,1,林昶佐,409,時代力量,1449,63,萬華區新安里
6300700-022,臺北市,萬華區,忠德里,1,林昶佐,435,時代力量,1501,63,萬華區忠德里
6300700-023,臺北市,萬華區,孝德里,1,林昶佐,665,時代力量,1249,63,萬華區孝德里
6300700-024,臺北市,萬華區,和德里,1,林昶佐,431,時代力量,2242,63,萬華區和德里
6300700-025,臺北市,萬華區,錦德里,1,林昶佐,589,時代力量,1859,63,萬華區錦德里
6300700-026,臺北市,萬華區,全德里,1,林昶佐,481,時代力量,1346,63,萬華區全德里
6300700-027,臺北市,萬華區,保德里,1,林昶佐,572,時代力量,1090,63,萬華區保德里
6300700-028,臺北市,萬華區,銘德里,1,林昶佐,513,時代力量,1580,63,萬華區銘德里
6300700-029,臺北市,萬華區,榮德里,1,林昶佐,590,時代力量,1208,63,萬華區榮德里
6300700-030,臺北市,萬華區,壽德里,1,林昶佐,595,時代力量,1658,63,萬華區壽德里
6300700-031,臺北市,萬華區,興德里,1,林昶佐,513,時代力量,1559,63,萬華區興德里
6300700-032,臺北市,萬華區,華中里,1,林昶佐,496,時代力量,2095,63,萬華區華中里
6300700-033,臺北市,萬華區,日祥里,1,林昶佐,256,時代力量,1248,63,萬華區日祥里
6300700-034,臺北市,萬華區,忠貞里,1,林昶佐,244,時代力量,938,63,萬華區忠貞里
6300700-035,臺北市,萬華區,凌霄里,1,林昶佐,233,時代力量,849,63,萬華區凌霄里
6300700-036,臺北市,萬華區,騰雲里,1,林昶佐,419,時代力量,777,63,萬華區騰雲里
6300800-001,臺北市,文山區,景行里,1,賴士葆,426,中國國民黨,1557,63,文山區景行里
6300800-002,臺北市,文山區,景東里,1,賴士葆,502,中國國民黨,1966,63,文山區景東里
6300800-003,臺北市,文山區,景美里,1,賴士葆,464,中國國民黨,1396,63,文山區景美里
6300800-004,臺北市,文山區,景慶里,1,賴士葆,433,中國國民黨,1701,63,文山區景慶里
6300800-005,臺北市,文山區,景仁里,1,賴士葆,443,中國國民黨,1274,63,文山區景仁里
6300800-006,臺北市,文山區,景華里,1,賴士葆,423,中國國民黨,1642,63,文山區景華里
6300800-007,臺北市,文山區,萬有里,1,賴士葆,535,中國國民黨,1496,63,文山區萬有里
6300800-008,臺北市,文山區,萬祥里,1,賴士葆,427,中國國民黨,1233,63,文山區萬祥里
6300800-009,臺北市,文山區,萬隆里,1,賴士葆,400,中國國民黨,2130,63,文山區萬隆里
6300800-010,臺北市,文山區,萬年里,1,賴士葆,404,中國國民黨,1470,63,文山區萬年里
6300800-011,臺北市,文山區,萬和里,1,賴士葆,547,中國國民黨,1227,63,文山區萬和里
6300800-012,臺北市,文山區,萬盛里,1,賴士葆,426,中國國民黨,1427,63,文山區萬盛里
6300800-013,臺北市,文山區,興豐里,1,賴士葆,461,中國國民黨,1480,63,文山區興豐里
6300800-014,臺北市,文山區,興光里,1,賴士葆,418,中國國民黨,980,63,文山區興光里
6300800-015,臺北市,文山區,興家里,1,賴士葆,513,中國國民黨,2274,63,文山區興家里
6300800-016,臺北市,文山區,興得里,1,賴士葆,367,中國國民黨,1784,63,文山區興得里
6300800-017,臺北市,文山區,興業里,1,賴士葆,469,中國國民黨,1740,63,文山區興業里
6300800-018,臺北市,文山區,興安里,1,賴士葆,503,中國國民黨,2061,63,文山區興安里
6300800-019,臺北市,文山區,興福里,1,賴士葆,382,中國國民黨,1526,63,文山區興福里
6300800-020,臺北市,文山區,興旺里,1,賴士葆,485,中國國民黨,2453,63,文山區興旺里
6300800-021,臺北市,文山區,興泰里,1,賴士葆,426,中國國民黨,1192,63,文山區興泰里
6300800-022,臺北市,文山區,興昌里,1,賴士葆,550,中國國民黨,2006,63,文山區興昌里
6300800-023,臺北市,文山區,試院里,1,賴士葆,483,中國國民黨,2137,63,文山區試院里
6300800-024,臺北市,文山區,華興里,1,賴士葆,537,中國國民黨,2451,63,文山區華興里
6300800-025,臺北市,文山區,明義里,1,賴士葆,427,中國國民黨,1090,63,文山區明義里
6300800-026,臺北市,文山區,明興里,1,賴士葆,513,中國國民黨,1969,63,文山區明興里
6300800-027,臺北市,文山區,木柵里,1,賴士葆,653,中國國民黨,2736,63,文山區木柵里
6300800-028,臺北市,文山區,木新里,1,賴士葆,462,中國國民黨,2196,63,文山區木新里
6300800-029,臺北市,文山區,順興里,1,賴士葆,467,中國國民黨,1999,63,文山區順興里
6300800-030,臺北市,文山區,樟林里,1,賴士葆,426,中國國民黨,2422,63,文山區樟林里
6300800-031,臺北市,文山區,樟新里,1,賴士葆,413,中國國民黨,1535,63,文山區樟新里
6300800-032,臺北市,文山區,樟腳里,1,賴士葆,473,中國國民黨,1467,63,文山區樟腳里
6300800-033,臺北市,文山區,萬芳里,1,賴士葆,468,中國國民黨,2185,63,文山區萬芳里
6300800-034,臺北市,文山區,博嘉里,1,賴士葆,297,中國國民黨,1394,63,文山區博嘉里
6300800-035,臺北市,文山區,萬興里,1,賴士葆,392,中國國民黨,1986,63,文山區萬興里
6300800-036,臺北市,文山區,指南里,1,賴士葆,378,中國國民黨,739,63,文山區指南里
6300800-037,臺北市,文山區,老泉里,1,賴士葆,117,中國國民黨,117,63,文山區老泉里
6300800-038,臺北市,文山區,忠順里,1,賴士葆,407,中國國民黨,1285,63,文山區忠順里
6300800-039,臺北市,文山區,萬美里,1,賴士葆,500,中國國民黨,1952,63,文山區萬美里
6300800-040,臺北市,文山區,政大里,1,賴士葆,369,中國國民黨,1827,63,文山區政大里
6300800-041,臺北市,文山區,樟文里,1,賴士葆,380,中國國民黨,1619,63,文山區樟文里
6300800-042,臺北市,文山區,興邦里,1,賴士葆,478,中國國民黨,1589,63,文山區興邦里
6300800-043,臺北市,文山區,樟樹里,1,賴士葆,382,中國國民黨,1297,63,文山區樟樹里
6300900-001,臺北市,南港區,南港里,1,李彥秀,421,中國國民黨,1454,63,南港區南港里
6300900-002,臺北市,南港區,中南里,1,李彥秀,469,中國國民黨,955,63,南港區中南里
6300900-003,臺北市,南港區,新富里,1,李彥秀,344,中國國民黨,1027,63,南港區新富里
6300900-004,臺北市,南港區,三重里,1,李彥秀,310,中國國民黨,1460,63,南港區三重里
6300900-005,臺北市,南港區,東新里,1,李彥秀,464,中國國民黨,1780,63,南港區東新里
6300900-006,臺北市,南港區,新光里,1,李彥秀,526,中國國民黨,1116,63,南港區新光里
6300900-007,臺北市,南港區,東明里,1,李彥秀,443,中國國民黨,1299,63,南港區東明里
6300900-008,臺北市,南港區,西新里,1,李彥秀,332,中國國民黨,962,63,南港區西新里
6300900-009,臺北市,南港區,玉成里,1,李彥秀,413,中國國民黨,1157,63,南港區玉成里
6300900-010,臺北市,南港區,合成里,1,李彥秀,339,中國國民黨,1670,63,南港區合成里
6300900-011,臺北市,南港區,成福里,1,李彥秀,366,中國國民黨,2114,63,南港區成福里
6300900-012,臺北市,南港區,萬福里,1,李彥秀,452,中國國民黨,1199,63,南港區萬福里
6300900-013,臺北市,南港區,鴻福里,1,李彥秀,376,中國國民黨,1224,63,南港區鴻福里
6300900-014,臺北市,南港區,百福里,1,李彥秀,438,中國國民黨,1409,63,南港區百福里
6300900-015,臺北市,南港區,聯成里,1,李彥秀,409,中國國民黨,1367,63,南港區聯成里
6300900-016,臺北市,南港區,舊莊里,1,李彥秀,432,中國國民黨,2307,63,南港區舊莊里
6300900-017,臺北市,南港區,中研里,1,李彥秀,471,中國國民黨,2435,63,南港區中研里
6300900-018,臺北市,南港區,九如里,1,李彥秀,343,中國國民黨,1894,63,南港區九如里
6300900-019,臺北市,南港區,仁福里,1,李彥秀,351,中國國民黨,1546,63,南港區仁福里
6300900-020,臺北市,南港區,重陽里,1,李彥秀,334,中國國民黨,1303,63,南港區重陽里
6301000-001,臺北市,內湖區,西湖里,1,李彥秀,395,中國國民黨,1568,63,內湖區西湖里
6301000-002,臺北市,內湖區,西康里,1,李彥秀,435,中國國民黨,2265,63,內湖區西康里
6301000-003,臺北市,內湖區,西安里,1,李彥秀,403,中國國民黨,1666,63,內湖區西安里
6301000-005,臺北市,內湖區,港墘里,1,李彥秀,461,中國國民黨,1300,63,內湖區港墘里
6301000-006,臺北市,內湖區,港都里,1,李彥秀,390,中國國民黨,1163,63,內湖區港都里
6301000-007,臺北市,內湖區,港富里,1,李彥秀,376,中國國民黨,2040,63,內湖區港富里
6301000-008,臺北市,內湖區,港華里,1,李彥秀,413,中國國民黨,1953,63,內湖區港華里
6301000-009,臺北市,內湖區,內湖里,1,李彥秀,432,中國國民黨,1372,63,內湖區內湖里
6301000-010,臺北市,內湖區,湖濱里,1,李彥秀,444,中國國民黨,2076,63,內湖區湖濱里
6301000-011,臺北市,內湖區,紫星里,1,李彥秀,430,中國國民黨,1735,63,內湖區紫星里
6301000-012,臺北市,內湖區,大湖里,1,李彥秀,440,中國國民黨,1322,63,內湖區大湖里
6301000-013,臺北市,內湖區,金龍里,1,李彥秀,402,中國國民黨,1165,63,內湖區金龍里
6301000-014,臺北市,內湖區,金瑞里,1,李彥秀,384,中國國民黨,1407,63,內湖區金瑞里
6301000-015,臺北市,內湖區,碧山里,1,李彥秀,69,中國國民黨,1520,63,內湖區碧山里
6301000-016,臺北市,內湖區,紫雲里,1,李彥秀,484,中國國民黨,1555,63,內湖區紫雲里
6301000-017,臺北市,內湖區,清白里,1,李彥秀,303,中國國民黨,1700,63,內湖區清白里
6301000-018,臺北市,內湖區,葫洲里,1,李彥秀,375,中國國民黨,1620,63,內湖區葫洲里
6301000-019,臺北市,內湖區,紫陽里,1,李彥秀,481,中國國民黨,1961,63,內湖區紫陽里
6301000-020,臺北市,內湖區,瑞陽里,1,李彥秀,564,中國國民黨,2227,63,內湖區瑞陽里
6301000-021,臺北市,內湖區,瑞光里,1,李彥秀,387,中國國民黨,1268,63,內湖區瑞光里
6301000-022,臺北市,內湖區,五分里,1,李彥秀,349,中國國民黨,2022,63,內湖區五分里
6301000-023,臺北市,內湖區,東湖里,1,李彥秀,340,中國國民黨,1558,63,內湖區東湖里
6301000-024,臺北市,內湖區,樂康里,1,李彥秀,378,中國國民黨,1672,63,內湖區樂康里
6301000-025,臺北市,內湖區,內溝里,1,李彥秀,208,中國國民黨,1004,63,內湖區內溝里
6301000-026,臺北市,內湖區,週美里,1,李彥秀,344,中國國民黨,1841,63,內湖區週美里
6301000-027,臺北市,內湖區,行善里,1,李彥秀,456,中國國民黨,1616,63,內湖區行善里
6301000-028,臺北市,內湖區,石潭里,1,李彥秀,440,中國國民黨,799,63,內湖區石潭里
6301000-029,臺北市,內湖區,湖興里,1,李彥秀,370,中國國民黨,1534,63,內湖區湖興里
6301000-030,臺北市,內湖區,湖元里,1,李彥秀,456,中國國民黨,1211,63,內湖區湖元里
6301000-031,臺北市,內湖區,安湖里,1,李彥秀,419,中國國民黨,1675,63,內湖區安湖里
6301000-032,臺北市,內湖區,秀湖里,1,李彥秀,432,中國國民黨,1469,63,內湖區秀湖里
6301000-033,臺北市,內湖區,安泰里,1,李彥秀,400,中國國民黨,1196,63,內湖區安泰里
6301000-034,臺北市,內湖區,金湖里,1,李彥秀,472,中國國民黨,2120,63,內湖區金湖里
6301000-035,臺北市,內湖區,康寧里,1,李彥秀,330,中國國民黨,1738,63,內湖區康寧里
6301000-036,臺北市,內湖區,明湖里,1,李彥秀,371,中國國民黨,1159,63,內湖區明湖里
6301000-037,臺北市,內湖區,蘆洲里,1,李彥秀,297,中國國民黨,297,63,內湖區蘆洲里
6301000-038,臺北市,內湖區,麗山里,1,李彥秀,420,中國國民黨,1169,63,內湖區麗山里
6301000-039,臺北市,內湖區,寶湖里,1,李彥秀,421,中國國民黨,1772,63,內湖區寶湖里
6301000-040,臺北市,內湖區,南湖里,1,李彥秀,425,中國國民黨,1199,63,內湖區南湖里
6301100-001,臺北市,士林區,仁勇里,1,姚文智,607,民主進步黨,1360,63,士林區仁勇里
6301100-002,臺北市,士林區,義信里,1,姚文智,439,民主進步黨,934,63,士林區義信里
6301100-003,臺北市,士林區,福林里,1,姚文智,166,民主進步黨,872,63,士林區福林里
6301100-004,臺北市,士林區,福德里,1,姚文智,377,民主進步黨,1353,63,士林區福德里
6301100-005,臺北市,士林區,福志里,1,姚文智,471,民主進步黨,2130,63,士林區福志里
6301100-006,臺北市,士林區,舊佳里,1,姚文智,438,民主進步黨,1985,63,士林區舊佳里
6301100-007,臺北市,士林區,福佳里,1,姚文智,567,民主進步黨,2523,63,士林區福佳里
6301100-008,臺北市,士林區,後港里,1,姚文智,659,民主進步黨,2772,63,士林區後港里
6301100-009,臺北市,士林區,福中里,1,姚文智,622,民主進步黨,2437,63,士林區福中里
6301100-010,臺北市,士林區,前港里,1,姚文智,489,民主進步黨,1549,63,士林區前港里
6301100-011,臺北市,士林區,百齡里,1,姚文智,608,民主進步黨,2510,63,士林區百齡里
6301100-012,臺北市,士林區,承德里,1,姚文智,567,民主進步黨,1659,63,士林區承德里
6301100-013,臺北市,士林區,福華里,1,姚文智,648,民主進步黨,2005,63,士林區福華里
6301100-014,臺北市,士林區,明勝里,1,姚文智,564,民主進步黨,1651,63,士林區明勝里
6301100-015,臺北市,士林區,福順里,1,姚文智,620,民主進步黨,1995,63,士林區福順里
6301100-016,臺北市,士林區,富光里,1,姚文智,760,民主進步黨,2121,63,士林區富光里
6301100-017,臺北市,士林區,葫蘆里,1,姚文智,720,民主進步黨,2633,63,士林區葫蘆里
6301100-018,臺北市,士林區,葫東里,1,姚文智,717,民主進步黨,1521,63,士林區葫東里
6301100-019,臺北市,士林區,社子里,1,姚文智,558,民主進步黨,2372,63,士林區社子里
6301100-020,臺北市,士林區,社新里,1,姚文智,607,民主進步黨,3344,63,士林區社新里
6301100-021,臺北市,士林區,社園里,1,姚文智,703,民主進步黨,2876,63,士林區社園里
6301100-022,臺北市,士林區,永倫里,1,姚文智,777,民主進步黨,2838,63,士林區永倫里
6301100-023,臺北市,士林區,福安里,1,姚文智,751,民主進步黨,2292,63,士林區福安里
6301100-024,臺北市,士林區,富洲里,1,姚文智,830,民主進步黨,2584,63,士林區富洲里
6301100-025,臺北市,士林區,岩山里,1,姚文智,461,民主進步黨,926,63,士林區岩山里
6301100-026,臺北市,士林區,名山里,1,姚文智,574,民主進步黨,2061,63,士林區名山里
6301100-027,臺北市,士林區,德行里,1,吳思瑤,460,民主進步黨,1334,63,士林區德行里
6301100-028,臺北市,士林區,德華里,1,吳思瑤,619,民主進步黨,1874,63,士林區德華里
6301100-029,臺北市,士林區,聖山里,1,姚文智,523,民主進步黨,1328,63,士林區聖山里
6301100-030,臺北市,士林區,忠誠里,1,吳思瑤,292,民主進步黨,1224,63,士林區忠誠里
6301100-031,臺北市,士林區,芝山里,1,姚文智,613,民主進步黨,2167,63,士林區芝山里
6301100-032,臺北市,士林區,東山里,1,姚文智,451,民主進步黨,1317,63,士林區東山里
6301100-033,臺北市,士林區,三玉里,1,吳思瑤,567,民主進步黨,1740,63,士林區三玉里
6301100-034,臺北市,士林區,蘭雅里,1,吳思瑤,475,民主進步黨,2560,63,士林區蘭雅里
6301100-035,臺北市,士林區,蘭興里,1,吳思瑤,505,民主進步黨,2014,63,士林區蘭興里
6301100-036,臺北市,士林區,天福里,1,吳思瑤,566,民主進步黨,1774,63,士林區天福里
6301100-037,臺北市,士林區,天祿里,1,吳思瑤,504,民主進步黨,1627,63,士林區天祿里
6301100-038,臺北市,士林區,天壽里,1,吳思瑤,454,民主進步黨,1423,63,士林區天壽里
6301100-039,臺北市,士林區,天和里,1,吳思瑤,542,民主進步黨,2176,63,士林區天和里
6301100-040,臺北市,士林區,天山里,1,吳思瑤,541,民主進步黨,1903,63,士林區天山里
6301100-041,臺北市,士林區,天玉里,1,吳思瑤,502,民主進步黨,2389,63,士林區天玉里
6301100-042,臺北市,士林區,天母里,1,吳思瑤,403,民主進步黨,1839,63,士林區天母里
6301100-043,臺北市,士林區,永福里,1,姚文智,468,民主進步黨,468,63,士林區永福里
6301100-044,臺北市,士林區,公館里,1,姚文智,516,民主進步黨,516,63,士林區公館里
6301100-045,臺北市,士林區,新安里,1,姚文智,361,民主進步黨,719,63,士林區新安里
6301100-046,臺北市,士林區,陽明里,1,姚文智,314,民主進步黨,929,63,士林區陽明里
6301100-047,臺北市,士林區,菁山里,1,姚文智,188,民主進步黨,522,63,士林區菁山里
6301100-048,臺北市,士林區,平等里,1,姚文智,690,民主進步黨,690,63,士林區平等里
6301100-049,臺北市,士林區,溪山里,1,姚文智,541,民主進步黨,541,63,士林區溪山里
6301100-050,臺北市,士林區,翠山里,1,姚文智,269,民主進步黨,476,63,士林區翠山里
6301100-051,臺北市,士林區,臨溪里,1,姚文智,415,民主進步黨,835,63,士林區臨溪里
6301200-001,臺北市,北投區,建民里,1,吳思瑤,449,民主進步黨,1416,63,北投區建民里
6301200-002,臺北市,北投區,文林里,1,吳思瑤,458,民主進步黨,1396,63,北投區文林里
6301200-003,臺北市,北投區,石牌里,1,吳思瑤,615,民主進步黨,1759,63,北投區石牌里
6301200-004,臺北市,北投區,福興里,1,吳思瑤,475,民主進步黨,2100,63,北投區福興里
6301200-005,臺北市,北投區,榮光里,1,吳思瑤,496,民主進步黨,2035,63,北投區榮光里
6301200-006,臺北市,北投區,榮華里,1,吳思瑤,642,民主進步黨,2101,63,北投區榮華里
6301200-007,臺北市,北投區,裕民里,1,吳思瑤,538,民主進步黨,2165,63,北投區裕民里
6301200-008,臺北市,北投區,振華里,1,吳思瑤,634,民主進步黨,2094,63,北投區振華里
6301200-009,臺北市,北投區,永和里,1,吳思瑤,524,民主進步黨,2666,63,北投區永和里
6301200-010,臺北市,北投區,永欣里,1,吳思瑤,446,民主進步黨,2007,63,北投區永欣里
6301200-011,臺北市,北投區,永明里,1,吳思瑤,407,民主進步黨,1349,63,北投區永明里
6301200-012,臺北市,北投區,東華里,1,吳思瑤,366,民主進步黨,1176,63,北投區東華里
6301200-013,臺北市,北投區,吉利里,1,吳思瑤,383,民主進步黨,1808,63,北投區吉利里
6301200-014,臺北市,北投區,吉慶里,1,吳思瑤,540,民主進步黨,1677,63,北投區吉慶里
6301200-015,臺北市,北投區,尊賢里,1,吳思瑤,543,民主進步黨,1540,63,北投區尊賢里
6301200-016,臺北市,北投區,立賢里,1,吳思瑤,496,民主進步黨,1660,63,北投區立賢里
6301200-017,臺北市,北投區,立農里,1,吳思瑤,603,民主進步黨,2790,63,北投區立農里
6301200-018,臺北市,北投區,八仙里,1,吳思瑤,555,民主進步黨,1685,63,北投區八仙里
6301200-019,臺北市,北投區,洲美里,1,吳思瑤,847,民主進步黨,847,63,北投區洲美里
6301200-020,臺北市,北投區,奇岩里,1,吳思瑤,566,民主進步黨,2946,63,北投區奇岩里
6301200-021,臺北市,北投區,清江里,1,吳思瑤,407,民主進步黨,2744,63,北投區清江里
6301200-022,臺北市,北投區,中央里,1,吳思瑤,496,民主進步黨,2775,63,北投區中央里
6301200-023,臺北市,北投區,長安里,1,吳思瑤,615,民主進步黨,1781,63,北投區長安里
6301200-024,臺北市,北投區,大同里,1,吳思瑤,687,民主進步黨,1984,63,北投區大同里
6301200-025,臺北市,北投區,溫泉里,1,吳思瑤,505,民主進步黨,2097,63,北投區溫泉里
6301200-026,臺北市,北投區,林泉里,1,吳思瑤,315,民主進步黨,806,63,北投區林泉里
6301200-027,臺北市,北投區,中心里,1,吳思瑤,460,民主進步黨,1811,63,北投區中心里
6301200-028,臺北市,北投區,中庸里,1,吳思瑤,416,民主進步黨,1431,63,北投區中庸里
6301200-029,臺北市,北投區,開明里,1,吳思瑤,592,民主進步黨,1833,63,北投區開明里
6301200-030,臺北市,北投區,中和里,1,吳思瑤,463,民主進步黨,1549,63,北投區中和里
6301200-031,臺北市,北投區,智仁里,1,吳思瑤,597,民主進步黨,1764,63,北投區智仁里
6301200-032,臺北市,北投區,秀山里,1,吳思瑤,467,民主進步黨,913,63,北投區秀山里
6301200-033,臺北市,北投區,文化里,1,吳思瑤,290,民主進步黨,810,63,北投區文化里
6301200-034,臺北市,北投區,豐年里,1,吳思瑤,419,民主進步黨,1350,63,北投區豐年里
6301200-035,臺北市,北投區,稻香里,1,吳思瑤,426,民主進步黨,1428,63,北投區稻香里
6301200-036,臺北市,北投區,桃源里,1,吳思瑤,511,民主進步黨,1940,63,北投區桃源里
6301200-037,臺北市,北投區,一德里,1,吳思瑤,722,民主進步黨,2399,63,北投區一德里
6301200-038,臺北市,北投區,關渡里,1,吳思瑤,565,民主進步黨,3342,63,北投區關渡里
6301200-039,臺北市,北投區,泉源里,1,吳思瑤,209,民主進步黨,786,63,北投區泉源里
6301200-040,臺北市,北投區,湖山里,1,吳思瑤,298,民主進步黨,578,63,北投區湖山里
6301200-041,臺北市,北投區,大屯里,1,吳思瑤,437,民主進步黨,437,63,北投區大屯里
6301200-042,臺北市,北投區,湖田里,1,吳思瑤,299,民主進步黨,299,63,北投區湖田里
